type,subtype,authors,year,title,link,journal,location,month,event,skip_in_news
Publication,,"Last, F., Author",2023,Paper 1,https://www.wikipedia.org/,Journal 1,,,,
Publication,,"Author, Last, F.",2024,Paper 2,https://github.com,Journal 2,,,,
Publication,,"Last, F.",2026,Paper 3,https://doi.org,Journal 3,,,,
Presentation,Presentation,,2024,Talk 1,https://www.wikipedia.org/,,Place,May,Conference,
Presentation,Presentation,,2024,Talk 1,https://www.wikipedia.org/,,Place,March,Seminar,
Presentation,Presentation,,2025,Talk 2,,,Place,October,Meeting,Yes
Presentation,Poster,,2025,Poster,https://github.com,,Place,July,Conference,
Publication,Preprint,"Last, F., Author",2026,Paper 4,https://arxiv.org/,,,,,
Other News,,,2026,Exciting update here,,,,January,,
